Date	Developer	Project	Sprint	Page	Module	Submodule	Task ID	Task Description	Frontend Status	Backend Status	Database Status	API Status	Testing Status	Priority	Estimated Hours	Actual Hours	Completion %	Current Status	Blockers	Start Date	Target Date	Remarks
2026-06-23	Developer	Visionary Leaders Magazine Platform	Sprint 1	Public/Admin	Content Inventory	Architecture	MP-001	Document product features, pages, APIs, tables, and gaps	Done	Done	Done	Done	Not Started	High	3	0	100	Done	None	2026-06-23	2026-06-23	Baseline generated from repo inspection
2026-06-23	Developer	Visionary Leaders Magazine Platform	Sprint 1	All	Configuration	API URLs	MP-002	Replace hardcoded localhost API URLs with environment-driven API client	In Progress	Pending	NA	In Progress	Not Started	High	5	0	20	In Progress	Needs consistent frontend API wrapper adoption	2026-06-23	2026-06-24	High impact for deployment
2026-06-23	Developer	Visionary Leaders Magazine Platform	Sprint 1	Admin Articles	Content Workflow	Publish/Archive	MP-003	Verify article publish/archive/schedule flows end to end	In Progress	In Progress	No Change	In Progress	Not Started	High	4	0	45	In Progress	Needs local DB/test data	2026-06-23	2026-06-24	Article lifecycle is most complete
2026-06-23	Developer	Visionary Leaders Magazine Platform	Sprint 1	Admin Magazines	Content Workflow	Status Actions	MP-004	Add publish-now and archive endpoints/UI for magazines	Pending	Pending	No Change	Pending	Not Started	High	6	0	0	Pending	Backend endpoint parity needed	2026-06-24	2026-06-25	Bring magazine lifecycle to article parity
2026-06-23	Developer	Visionary Leaders Magazine Platform	Sprint 1	Admin Blogs	Content Workflow	Status Actions	MP-005	Add publish-now and archive endpoints/UI for blogs	Pending	Pending	No Change	Pending	Not Started	High	5	0	0	Pending	Backend endpoint parity needed	2026-06-25	2026-06-26	Needed for consistent CMS operations
2026-06-23	Developer	Visionary Leaders Magazine Platform	Sprint 1	Admin News	Content Workflow	Status Actions	MP-006	Add publish-now and archive endpoints/UI for news	Pending	Pending	No Change	Pending	Not Started	High	5	0	0	Pending	Backend endpoint parity needed	2026-06-26	2026-06-27	Needed for consistent CMS operations
2026-06-23	Developer	Visionary Leaders Magazine Platform	Sprint 1	Search	Public Search	Backend Querying	MP-007	Implement backend search and category filters for articles, magazines, blogs, and news	Pending	Pending	Index Review	Pending	Not Started	High	8	0	0	Pending	Current frontend sends query params not handled in observed controllers	2026-06-27	2026-06-30	Requires Prisma where clauses and indexes
2026-06-23	Developer	Visionary Leaders Magazine Platform	Sprint 1	AI Summary	Content Detail	Persistence	MP-008	Persist aiSummary fields during create/update and avoid repeated frontend generation	Pending	Pending	Schema Ready	Pending	Not Started	Medium	6	0	10	Pending	Gemini key and prompt policy required	2026-06-30	2026-07-01	Schema fields already present
2026-06-24	Developer	Visionary Leaders Magazine Platform	Sprint 1	Magazines	AI Summary	PDF Summary	MP-024	Add magazine PDF summary generation using Gemini and PDF extraction	Done	Done	No Change	Done	Manual Pending	High	5	0	100	Done	Needs runtime key verification	2026-06-24	2026-06-24	Committed PDF summary and reader improvements
2026-06-24	Developer	Visionary Leaders Magazine Platform	Sprint 1	Documentation	Project Tracking	Excel Workbook	MP-025	Create full project-management workbook and TSV tracker exports	Done	Done	Done	Done	NA	Medium	3	0	100	Done	None	2026-06-24	2026-06-24	Workbook and tracking sheets generated
2026-06-25	Developer	Visionary Leaders Magazine Platform	Sprint 1	Magazines	Ratings	Rating System	MP-026	Add magazine rating APIs and rating analytics dashboard	Done	Done	Schema Updated	Done	Manual Pending	High	6	0	100	Done	Needs DB smoke test	2026-06-25	2026-06-25	Committed rating system and analytics work
2026-06-25	Developer	Visionary Leaders Magazine Platform	Sprint 1	All Detail Pages	Translation	Multilingual Content	MP-027	Add translation API and frontend translate/reset controls for articles, blogs, news, and magazine PDFs	In Progress	In Progress	No Change	In Progress	Manual Pending	High	8	0	70	In Progress	Translation provider limits and encoding cleanup needed	2026-06-25	2026-06-26	Current working-tree changes
2026-06-25	Developer	Visionary Leaders Magazine Platform	Sprint 1	AI/PDF	PDF Extraction	Robustness	MP-028	Harden PDF extraction and AI summary request handling	In Progress	In Progress	No Change	In Progress	Manual Pending	Medium	3	0	75	In Progress	Needs endpoint smoke test	2026-06-25	2026-06-25	Timeout, cleanup, fallback, import/export fixes
