Metric	Value
Completed Tasks	Rating system; rating analytics APIs; admin ratings dashboard; additional flipbook improvements
Tasks In Progress	Translation API; translation controls on article/blog/news/magazine reader pages; PDF extraction cleanup; AI summary route hardening
Pending Tasks	Smoke test translation and summary endpoints; fix visible encoding issues in translation labels; replace hardcoded localhost API URLs; add automated tests
Blockers	Translation provider limits; local API/DB verification pending; multilingual text encoding needs cleanup
Bug Fixes	PDF extraction now has timeout/cleanup/fallback handling; AI summary route validates empty input and PDF extraction errors
Hours Worked	Not logged
Today's Progress %	7%
Overall Project %	64%
Tomorrow's Deliverables	Stabilize translation UI/API, clean encoded text, run backend/frontend smoke tests, update API URL configuration
Health Status	Yellow
