Task ID	Project	Page	Module	Submodule	Task Description	Frontend Work	Backend Work	Database Work	API Work	Testing Work	Priority	Estimated Hours	Start Date	Target Date	Dependencies	Risk Level	Current Status	Completion %	Owner	Expected Output
MP-001	Visionary Leaders Magazine Platform	All	Planning	Baseline	Create complete feature/API/database/task breakdown	Review pages	Review controllers	Review Prisma schema	Review routes	NA	High	3	2026-06-23	2026-06-23	Repo access	Low	Done	100	Product Manager	Project management baseline
MP-002	Visionary Leaders Magazine Platform	All	Configuration	API Client	Centralize frontend API base URL	Migrate hardcoded fetch calls	No change	No change	Use NEXT_PUBLIC_API_URL	Smoke test all pages	High	5	2026-06-23	2026-06-24	Env config	Medium	In Progress	20	Frontend Lead	Deployment-ready API config
MP-003	Visionary Leaders Magazine Platform	Admin Articles	Content Workflow	Article lifecycle	Validate article CRUD/schedule/publish/archive UI and API	Fix article admin UI defects	Harden article controller validation	No change	Verify endpoints	Manual CRUD tests	High	4	2026-06-23	2026-06-24	Local DB	Medium	In Progress	45	Engineering Lead	Stable article workflow
MP-004	Visionary Leaders Magazine Platform	Admin Magazines	Content Workflow	Magazine lifecycle	Add publish/archive parity for magazines	Add buttons/status states	Add controller methods	No change	Add publish/archive routes	Manual lifecycle tests	High	6	2026-06-24	2026-06-25	Article pattern	Medium	Pending	0	Engineering Lead	Magazine workflow parity
MP-005	Visionary Leaders Magazine Platform	Admin Blogs	Content Workflow	Blog lifecycle	Add publish/archive parity for blogs	Add buttons/status states	Add controller methods	No change	Add publish/archive routes	Manual lifecycle tests	High	5	2026-06-25	2026-06-26	Article pattern	Medium	Pending	0	Engineering Lead	Blog workflow parity
MP-006	Visionary Leaders Magazine Platform	Admin News	Content Workflow	News lifecycle	Add publish/archive parity for news	Add buttons/status states	Add controller methods	No change	Add publish/archive routes	Manual lifecycle tests	High	5	2026-06-26	2026-06-27	Article pattern	Medium	Pending	0	Engineering Lead	News workflow parity
MP-007	Visionary Leaders Magazine Platform	Search	Public Discovery	Query/filter	Implement full search/category backend support	Polish results states	Add Prisma where clauses	Add indexes if needed	Support q/category/status params	Search regression tests	High	8	2026-06-27	2026-06-30	Query requirements	High	Pending	0	Full Stack Lead	Working cross-content search
MP-008	Visionary Leaders Magazine Platform	Article/Magazine/Blog/News Detail	AI Summary	Persistence	Persist and reuse aiSummary fields	Add admin generate/save controls	Save aiSummary on content records	Schema already has fields	Update create/update APIs	AI/manual tests	Medium	6	2026-06-30	2026-07-01	GEMINI_API_KEY	Medium	Pending	10	AI Lead	Persistent summaries
MP-009	Visionary Leaders Magazine Platform	Login/Admin	Auth	RBAC	Add role-based route protection	Add UI access rules	Add role middleware	No change	Protect admin APIs	Auth tests	High	8	2026-07-01	2026-07-03	Role matrix	High	Pending	20	Security Lead	Enforced admin roles
MP-010	Visionary Leaders Magazine Platform	Admin Dashboard	Analytics	Metrics	Improve dashboard metrics and empty states	Add dashboard cards/filters	Add aggregate endpoints	No change	Add stats endpoints	Manual dashboard tests	Medium	8	2026-07-03	2026-07-06	Stable APIs	Medium	Pending	25	Frontend Lead	Actionable admin dashboard
MP-011	Visionary Leaders Magazine Platform	Subscribers	CRM	Export	Add subscriber export and management	Add export button	Add CSV endpoint	No change	Add export route	Manual export tests	Medium	5	2026-07-06	2026-07-07	Subscriber list	Low	Pending	0	Full Stack Lead	Subscriber CSV export
MP-012	Visionary Leaders Magazine Platform	All Content	Media	Uploads	Standardize image/PDF upload behavior	Fix upload UI across modules	Use common upload validation	No change	Validate media responses	Upload tests	High	10	2026-07-08	2026-07-10	Storage decision	High	Pending	35	Engineering Lead	Consistent media handling
MP-013	Visionary Leaders Magazine Platform	Database	Data Model	Relations/indexes	Normalize Prisma relations and indexes	No change	Update schema/migrations	Add search indexes/relations	Update affected endpoints	Migration tests	High	10	2026-07-10	2026-07-13	Schema review	High	Pending	60	Backend Lead	Production-ready schema
MP-014	Visionary Leaders Magazine Platform	All	QA	Test Harness	Add backend and frontend automated test setup	Add component smoke tests	Add API unit/integration tests	Test DB setup	Mock/test APIs	CI test command	High	16	2026-07-13	2026-07-17	Feature freeze scope	High	Pending	0	QA Lead	Automated regression base
MP-015	Visionary Leaders Magazine Platform	All	UX	Responsive polish	Run responsive/admin UX pass	Fix layout and loading states	No change	No change	No change	Cross-browser manual tests	Medium	14	2026-07-17	2026-07-21	Stable feature set	Medium	Pending	55	Frontend Lead	Polished responsive UX
MP-016	Visionary Leaders Magazine Platform	All	DevOps	Environment	Prepare env templates and deployment docs	Document frontend env	Document backend env	Database provisioning docs	Health checks	Deployment smoke checklist	High	10	2026-07-22	2026-07-24	Hosting target	Medium	Pending	10	DevOps Lead	Deployment runbook
MP-017	Visionary Leaders Magazine Platform	All	CI/CD	Pipeline	Add lint/build/test deployment pipeline	Fix build issues	Fix server startup issues	Migration step	Add smoke endpoint checks	CI tests	High	18	2026-07-24	2026-07-31	Repo hosting	High	Pending	0	DevOps Lead	Automated CI/CD
MP-018	Visionary Leaders Magazine Platform	All	Security	Hardening	Add rate limits, helmet config, CORS review, auth hardening	No change	Add middleware and validation	No change	Secure public routes	Security regression tests	High	16	2026-08-03	2026-08-07	Threat model	High	Pending	25	Security Lead	Security baseline
MP-019	Visionary Leaders Magazine Platform	All	Performance	Optimization	Optimize frontend rendering/API payloads	Image and bundle optimization	Pagination/caching review	Add indexes	Pagination/filter APIs	Performance tests	Medium	20	2026-08-10	2026-08-14	Traffic targets	Medium	Pending	20	Performance Lead	Faster pages and APIs
MP-020	Visionary Leaders Magazine Platform	All	Staging	Deployment	Deploy staging environment	Fix staging config	Deploy backend	Provision DB	Run smoke APIs	UAT smoke	High	20	2026-08-17	2026-08-21	CI/CD, hosting	High	Pending	0	DevOps Lead	Working staging URL
MP-021	Visionary Leaders Magazine Platform	All	UAT	User Acceptance	Run editorial/admin UAT	Fix UX findings	Fix backend defects	Data cleanup	Verify APIs	UAT scripts	High	32	2026-08-24	2026-09-04	Staging	High	Pending	0	Product Manager	UAT signoff
MP-022	Visionary Leaders Magazine Platform	All	Release	Production readiness	Final release checklist and go/no-go	Final UI fixes	Final backend fixes	Backup/migration plan	API smoke	Regression suite	High	30	2026-09-07	2026-09-14	UAT signoff	High	Pending	0	Technical Program Manager	Release candidate
MP-023	Visionary Leaders Magazine Platform	All	Launch	Production deployment	Production verification	Production backend launch	Production DB migration	Production API smoke	Post-release tests	High	16	2026-09-15	2026-09-18	Release candidate	High	Pending	0	DevOps Lead	Production launch
