Area	Status / Percentage
Frontend Completion %	74
Backend Completion %	70
Database Completion %	74
API Completion %	68
Testing Completion %	12
Deployment Completion %	8
Security Status	Needs hardening; JWT exists but RBAC/rate limits/AI/translation protection need work
Performance Optimization	Not started beyond baseline implementation
CI/CD Status	Not configured
Known Issues	Hardcoded API URLs; search query handling incomplete; lifecycle parity gaps; AI/translation routes public; translation encoding cleanup; no automated tests
Release Readiness %	40
Confidence Level %	50
Ready For Deployment	NO
