Period	Date Range	Work Category	Completed / In Progress Work	Status	Frontend Impact	Backend Impact	Database Impact	Notes
Before	2026-06-17 to 2026-06-23	Project foundation	Initial magazine platform setup with public website, admin CMS, auth, content CRUD, categories, subscribers, scheduler, Prisma schema, uploads, and baseline project-management sheets	Done	Home, articles, magazines, blogs, news, categories, search, admin pages	Express routes/controllers for auth, articles, magazines, blogs, news, categories, subscribers	Prisma models and migrations for core content tables	Baseline tracked in original 2026-06-23 workbook
Before	2026-06-17 to 2026-06-23	Admin workflow	Admin dashboard, create/edit/list/preview pages for articles, magazines, blogs, and news	Done	Admin screens and preview routes	Protected CRUD APIs	Uses existing content tables	Needs stronger RBAC and automated testing
Before	2026-06-17 to 2026-06-23	Content publishing	Article lifecycle with draft/published/scheduled/archive patterns and scheduler support	In Progress	Admin article lifecycle UI mostly present	Article publish/archive/schedule routes exist	Status fields available	Parity still needed for magazines/blogs/news
Yesterday	2026-06-24	AI summary	Added magazine PDF summary feature and AI summary backend route	Done	Detail pages can request summaries	/api/ai/summarize, Gemini utility, PDF extraction utility	aiSummary fields available in schema	Uses Gemini and pdf-parse
Yesterday	2026-06-24	Magazine reader	Improved flipbook PDF reader and magazine detail/read experience	Done	FlipBookViewer, magazine detail page, magazine reader page updated	Supports PDF text extraction for summary	No major schema change	Improves reader UX and summary flow
Yesterday	2026-06-24	Project tracking	Created project-management workbook, TSV sheet exports, roadmap, trackers, risks, reports, and completion estimates	Done	Documentation output only	Documentation output only	Documentation output only	Original workbook was generated on 2026-06-23 and committed on 2026-06-24
Today	2026-06-25	Rating system	Added magazine rating APIs, rating analytics APIs, and admin rating analytics page	Done	Admin ratings dashboard added	/api/ratings and /api/rating-analytics routes added	Rating-related Prisma schema changes	Committed as rating system and analytics work
Today	2026-06-25	Flipbook improvements	Continued flipbook reader fixes and improvements	Done / In Progress	Magazine read page and FlipBookViewer updated	No direct backend change	No direct schema change	Committed work plus current local edits
Today	2026-06-25	Translation feature	Added translation backend route and frontend translation support for article, blog, news, and magazine/PDF reader pages	In Progress	Language selector, translate/reset controls, shared UI translation labels	/api/translate route added, MyMemory translate API integration, PDF extraction reuse	No schema change	Current working-tree changes are not committed yet
Today	2026-06-25	PDF extraction and summary robustness	Adjusted PDF extractor export, timeout, cleanup, error handling, and AI summary route validation	In Progress	Summary buttons continue using /api/ai/summarize	Improved pdfExtractor and aiRoutes behavior	No schema change	Needs local API smoke testing
Today	2026-06-25	Dependencies	Added @google-cloud/translate, updated pdf-parse and pdfjs-dist package versions	In Progress	Updated frontend PDF dependency	Updated backend translation/PDF dependencies	No schema change	Package locks updated
Total	Till 2026-06-25	Overall progress	Platform now covers core CMS, public pages, magazine reader, AI summaries, ratings/analytics, and in-progress multilingual translation	In Progress	Approx. 74% complete	Approx. 70% complete	Approx. 74% complete	Testing and deployment still low; overall project estimate updated to approx. 64%
